rest, updated, total, count1, pc1, count2, pc2, count3, pc3, count4, pc4, count5, pc5
ea63, 2026-08-31T19:04:50Z, 584, 44, 8, 22, 4, 48, 8, 87, 15, 383, 66
toy2, 2026-08-31T19:13:39Z, 4403, 526, 12, 186, 4, 393, 9, 762, 17, 2536, 58
lmzn, 2026-08-30T19:14:05Z, 57, 1, 2, 4, 7, 7, 12, 7, 12, 38, 67
hdr3, 2026-08-10T15:50:16Z, 43, 10, 23, 3, 7, 6, 14, 4, 9, 20, 47
eq10, 2026-08-01T19:16:35Z, 2258, 217, 10, 82, 4, 188, 8, 378, 17, 1393, 62
d9xl, 2026-08-31T19:02:48Z, 1864, 213, 11, 73, 4, 155, 8, 281, 15, 1142, 61
tiz6, 2026-08-31T19:20:12Z, 975, 96, 10, 47, 5, 98, 10, 163, 17, 571, 59
ndec, 2026-08-30T19:20:17Z, 1322, 175, 13, 62, 5, 163, 12, 233, 18, 689, 52
l21b, 2026-08-30T19:11:21Z, 394, 123, 31, 25, 6, 64, 16, 48, 12, 134, 34
ljzb, 2026-08-01T19:39:29Z, 483, 82, 17, 23, 5, 38, 8, 86, 18, 254, 53
s3se, 2026-08-31T19:15:35Z, 3298, 345, 10, 153, 5, 314, 10, 646, 20, 1840, 56
bccp, 2026-08-30T19:02:16Z, 2678, 222, 8, 126, 5, 303, 11, 567, 21, 1460, 55
k5du, 2026-08-30T19:11:50Z, 1276, 196, 15, 92, 7, 159, 12, 235, 18, 594, 47
n2qt, 2026-08-30T19:19:33Z, 1068, 88, 8, 58, 5, 104, 10, 151, 14, 667, 62
lvn8, None, 0, TypeError('cannot unpack non-iterable NoneType object')
ujq1, 2026-08-02T19:21:52Z, 281, 107, 38, 23, 8, 25, 9, 38, 14, 88, 31
lfyq, 2026-08-01T19:38:35Z, 1, 0, 0, 0, 0, 1, 100, 0, 0, 0, 0
cst3, 2026-08-10T15:31:25Z, 2180, 224, 10, 114, 5, 250, 11, 470, 22, 1122, 51
s3xz, 2026-08-31T19:11:32Z, 14734, 2681, 18, 967, 7, 1892, 13, 2633, 18, 6561, 45
u9ow, 2026-08-31T19:19:21Z, 1407, 120, 9, 51, 4, 130, 9, 189, 13, 917, 65
t7tu, 2026-08-01T20:15:49Z, 1907, 186, 10, 93, 5, 200, 10, 383, 20, 1045, 55
esde, 2026-08-01T19:16:20Z, 12, 1, 8, 0, 0, 0, 0, 4, 33, 7, 58
tknf, 2026-08-01T20:17:17Z, 54, 7, 13, 2, 4, 12, 22, 7, 13, 26, 48
klch, 2026-08-31T19:09:33Z, 2481, 313, 13, 152, 6, 275, 11, 426, 17, 1315, 53
g3hv, 2026-08-22T19:05:16Z, 410, 120, 29, 30, 7, 61, 15, 56, 14, 143, 35
s7zv, 2026-08-31T19:11:33Z, 8828, 1261, 14, 591, 7, 1078, 12, 1790, 20, 4108, 47
t2ml, 2026-08-31T19:21:13Z, 19112, 1514, 8, 781, 4, 1895, 10, 3839, 20, 11083, 58
iyrm, 2026-08-29T19:09:46Z, 295, 69, 23, 18, 6, 36, 12, 41, 14, 131, 44
f7ht, 2026-08-31T19:06:28Z, 6235, 890, 14, 347, 6, 759, 12, 1300, 21, 2939, 47
s1id, 2026-08-31T19:10:42Z, 5131, 672, 13, 304, 6, 636, 12, 1056, 21, 2463, 48
pz6t, 2026-08-31T19:14:22Z, 5465, 473, 9, 217, 4, 481, 9, 881, 16, 3413, 62
s7hi, 2026-08-31T19:15:53Z, 1787, 158, 9, 75, 4, 163, 9, 341, 19, 1050, 59
s7jm, 2026-08-01T20:13:01Z, 859, 159, 19, 58, 7, 126, 15, 157, 18, 359, 42
kh1q, 2026-08-01T19:35:34Z, 13, 2, 15, 1, 8, 0, 0, 3, 23, 7, 54
duvw, 2026-08-31T19:05:03Z, 2907, 288, 10, 129, 4, 246, 8, 585, 20, 1659, 57
k5te, 2026-08-01T19:32:20Z, 779, 287, 37, 59, 8, 85, 11, 75, 10, 273, 35
s9mg, 2026-08-31T19:20:31Z, 12496, 1094, 9, 563, 5, 1225, 10, 2622, 21, 6992, 56
aus6, 2026-08-31T19:00:48Z, 2214, 168, 8, 97, 4, 217, 10, 413, 19, 1319, 60
la44, 2026-08-31T19:08:39Z, 2177, 193, 9, 100, 5, 204, 9, 323, 15, 1357, 62
filb, 2026-08-01T19:21:09Z, 163, 9, 6, 4, 2, 17, 10, 33, 20, 100, 61
s7zi, 2026-08-31T19:15:57Z, 2672, 368, 14, 115, 4, 266, 10, 542, 20, 1381, 52
u8xl, 2026-08-30T19:32:00Z, 1981, 286, 14, 112, 6, 236, 12, 441, 22, 906, 46
wfn8, 2026-08-29T19:35:06Z, 178, 8, 4, 11, 6, 30, 17, 25, 14, 104, 58
st1p, 2026-08-10T15:20:58Z, 4038, 663, 16, 278, 7, 511, 13, 737, 18, 1849, 46
lh6q, 2026-08-30T19:18:08Z, 769, 49, 6, 29, 4, 64, 8, 103, 13, 524, 68
t2ul, 2026-08-01T20:18:55Z, 5398, 871, 16, 379, 7, 795, 15, 1102, 20, 2251, 42
u4zo, 2026-08-31T19:13:55Z, 1693, 137, 8, 56, 3, 150, 9, 292, 17, 1058, 62
o1yu, 2026-08-31T19:10:45Z, 7102, 806, 11, 246, 3, 675, 10, 1338, 19, 4037, 57
g35l, 2026-08-31T19:04:54Z, 185, 24, 13, 6, 3, 28, 15, 35, 19, 92, 50
d6k0, 2026-08-30T19:04:09Z, 334, 48, 14, 16, 5, 41, 12, 51, 15, 178, 53